Workbook

Sheet Instructions
A1: Step | B1: Instructions
A2: 1 | B2: Create a copy of this sheet and name the sheet as "SOW Name" - "Estimation". For example, if the SOW name is "Client Payment Automation" the name of this sheet will be "Client Payment Automation - Estimation". The copy of this sheet needs to be saved in the project folder that was created for this estimator.
A3: =A2+1 -> 2 | B3: Complete Functional tab.
A4: =A3+1 -> 3 | B4: Complete Technical NetSuite tab.
A5: =A4+1 -> 4 | B5: Complete Integration tab.
A6: =A5+1 -> 5 | B6: Go to Summary tab.
A7: =A6+1 -> 6 | B7: Input Hourly Rate
A8: =A7+1 -> 7 | B8: Input PM %
A9: =A8+1 -> 8 | B9: Copy the estimation table from the SOW Summary tab and paste as image in the SOW.
A10: =A9+1 -> 9 | B10: Send estimation sheet and SOW to Ethos Director for approval.

Sheet Detailed Summary
B2: Estimated Hours and Fees
B3: Phase | C3: Area | F3: Total
C4: Functional | D4: Technical | E4: Integration
B5: Design | C5: =Functional!C11 -> 12 | D5: ='Technical NetSuite'!D6 -> 12 | E5: =Integration!I6 -> 12 | F5: =SUM(C5:E5) -> 36
B6: Configuration | C6: =Functional!D11 -> 27 | D6: - | E6: - | F6: =SUM(C6:E6) -> 27
B7: Development | C7: - | D7: ='Technical NetSuite'!E6 -> 38 | E7: =Integration!J6 -> 38 | F7: =SUM(C7:E7) -> 76
B8: UAT | C8: =Functional!E11 -> 6 | D8: ='Technical NetSuite'!F6 -> 16 | E8: =Integration!K6 -> 16 | F8: =SUM(C8:E8) -> 38
B9: Training | C9: =Functional!F11 -> 4 | D9: ='Technical NetSuite'!G6 -> 0 | E9: =Integration!L6 -> 0 | F9: =SUM(C9:E9) -> 4
B10: Cutover | C10: =Functional!G11 -> 8 | D10: ='Technical NetSuite'!H6 -> 8 | E10: =Integration!M6 -> 8 | F10: =SUM(C10:E10) -> 24
B11: Support | C11: =Functional!H11 -> 6 | D11: ='Technical NetSuite'!I6 -> 11 | E11: =Integration!N6 -> 11 | F11: =SUM(C11:E11) -> 28
B12: ="Project Oversight "&(B17*100)&"%" -> Project Oversight 15% | C12: =SUM(C5:C11)*$B$17 -> 9.45 | D12: =SUM(D5:D11)*$B$17 -> 12.75 | E12: =SUM(E5:E11)*$B$17 -> 12.75 | F12: =SUM(C12:E12) -> 34.95
B13: Hourly Totals | C13: =ROUND(SUM(C5:C12),0) -> 72 | D13: =ROUND(SUM(D5:D12),0) -> 98 | E13: =ROUND(SUM(E5:E12),0) -> 98 | F13: =SUM(C13:E13) -> 268
B14: =IF(B23>0,B32,B29) -> Estimated Fees (Standard Rate: $300 | Discounted Rate: $255) | C14: =C13*$B20 -> 21600 | D14: =D13*$B20 -> 29400 | E14: =E13*$B20 -> 29400 | F14: =F13*B26 -> 68340
B16: Project Oversight %
B17: 0.15
B19: Standard Hourly Rate
B20: 300
B22: Discount
B23: 0.15
B25: Discounted Hourly Rate
B26: =B20*(1-B23) -> 255
B28: Standard Total Text
B29: ="Estimated Fees (Standard Rate: $"&B20&")" -> Estimated Fees (Standard Rate: $300)
B31: Discounted Total Text
B32: ="Estimated Fees (Standard Rate: $"&B20&" | Discounted Rate: $"&B26&")" -> Estimated Fees (Standard Rate: $300 | Discounted Rate: $255)

Sheet SOW Summary
B2: Estimated Hours and Fees
B3: Phase | C3: Total
B4: Design | C4: ='Detailed Summary'!F5 -> 36
B5: Configuration | C5: ='Detailed Summary'!F6 -> 27
B6: Development | C6: ='Detailed Summary'!F7 -> 76
B7: UAT | C7: ='Detailed Summary'!F8 -> 38
B8: Training | C8: ='Detailed Summary'!F9 -> 4
B9: Cutover | C9: ='Detailed Summary'!F10 -> 24
B10: Support | C10: ='Detailed Summary'!F11 -> 28
B11: ="Project Oversight "&('Detailed Summary'!B17*100)&"%" -> Project Oversight 15% | C11: ='Detailed Summary'!F12 -> 34.95
B12: Hourly Totals | C12: ='Detailed Summary'!F13 -> 268
B13: ='Detailed Summary'!B14 -> Estimated Fees (Standard Rate: $300 | Discounted Rate: $255) | C13: ='Detailed Summary'!F14 -> 68340

Sheet Functional
A1: ID | B1: Task | C1: Design | D1: Configuration | E1: UAT | F1: Training | G1: Cutover | H1: Support | I1: Total
A2: EBS.001 | B2: Bundle Install | C2: 0 | D2: 1 | E2: 0 | F2: 0 | G2: 0 | H2: 0 | I2: =SUM(C2:H2) -> 1
A3: EBS.002 | B3: WMS System Rules | C3: 2 | D3: 2 | E3: 0 | F3: 0 | G3: 1 | H3: 0 | I3: =SUM(C3:H3) -> 5
A4: EBS.003 | B4: SCM Mobile Configuration | C4: 4 | D4: 10 | E4: 0 | F4: 0 | G4: 4 | H4: 0 | I4: =SUM(C4:H4) -> 18
A5: EBS.004 | B5: Sales Order Picking Process | C5: 4 | D5: 10 | E5: 2 | F5: 4 | G5: 2 | H5: 4 | I5: =SUM(C5:H5) -> 26
A6: EBS.005 | I6: =SUM(C6:H6) -> 0
A7: EBS.006 | I7: =SUM(C7:H7) -> 0
A8: EBS.007 | I8: =SUM(C8:H8) -> 0
A9: EBS.008 | I9: =SUM(C9:H9) -> 0
A10: EBS.009 | C10: 2 | D10: 4 | E10: 4 | F10: 0 | G10: 1 | H10: 2 | I10: =SUM(C10:H10) -> 13
A11: Total | C11: =SUM(C2:C10) -> 12 | D11: =SUM(D2:D10) -> 27 | E11: =SUM(E2:E10) -> 6 | F11: =SUM(F2:F10) -> 4 | G11: =SUM(G2:G10) -> 8 | H11: =SUM(H2:H10) -> 6 | I11: =SUM(I2:I10) -> 63

Sheet Technical NetSuite
A1: ID | B1: Task | C1: Type | D1: Design | E1: Development | F1: UAT | G1: Training | H1: Cutover | I1: Support | J1: Total
A2: EBS.001 | B2: Placeholder 1 | C2: Map/Reduce | D2: 4 | E2: 12 | F2: 4 | G2: 0 | H2: 2 | I2: 4 | J2: =SUM(D2:I2) -> 26
A3: EBS.002 | B3: Placeholder 2 | C3: Client | D3: 2 | E3: 6 | F3: 4 | G3: 0 | H3: 2 | I3: 1 | J3: =SUM(D3:I3) -> 15
A4: EBS.003 | B4: Placeholder 3 | C4: Workflow Action | D4: 2 | E4: 8 | F4: 4 | G4: 0 | H4: 2 | I4: 2 | J4: =SUM(D4:I4) -> 18
A5: EBS.004 | B5: Placeholder 4 | C5: Suitelet | D5: 4 | E5: 12 | F5: 4 | G5: 0 | H5: 2 | I5: 4 | J5: =SUM(D5:I5) -> 26
A6: Total | D6: =SUM(D2:D5) -> 12 | E6: =SUM(E2:E5) -> 38 | F6: =SUM(F2:F5) -> 16 | G6: =SUM(G2:G5) -> 0 | H6: =SUM(H2:H5) -> 8 | I6: =SUM(I2:I5) -> 11 | J6: =SUM(J2:J5) -> 85

Sheet Integration
A1: ID | B1: Flow | C1: Method | D1: Frequency | E1: Source System | F1: Source Record | G1: Target System | H1: Target Record | I1: Design | J1: Development | K1: UAT | L1: Training | M1: Cutover | N1: Support | O1: Total
A2: EBS.001 | B2: Placeholder 1 | C2: iPaaS - Prebuilt | D2: Scheduled | E2: Salesforce | F2: Prospect | G2: NetSuite | H2: Customer | I2: 4 | J2: 12 | K2: 4 | L2: 0 | M2: 2 | N2: 4 | O2: =SUM(I2:N2) -> 26
A3: EBS.002 | B3: Placeholder 2 | C3: REST API | D3: Real-time | E3: Salesforce | F3: Order | G3: NetSuite | H3: Sales Order | I3: 2 | J3: 6 | K3: 4 | L3: 0 | M3: 2 | N3: 1 | O3: =SUM(I3:N3) -> 15
A4: EBS.003 | B4: Placeholder 3 | C4: iPaaS - Custom | D4: Real-time | E4: Salesforce | F4: Shipment | G4: NetSuite | H4: Item Fulfillment | I4: 2 | J4: 8 | K4: 4 | L4: 0 | M4: 2 | N4: 2 | O4: =SUM(I4:N4) -> 18
A5: EBS.004 | B5: Placeholder 4 | C5: 3rd Party Connector | D5: Scheduled | E5: Salesforce | F5: Payment | G5: NetSuite | H5: Customer Payment | I5: 4 | J5: 12 | K5: 4 | L5: 0 | M5: 2 | N5: 4 | O5: =SUM(I5:N5) -> 26
A6: Total | I6: =SUM(I2:I5) -> 12 | J6: =SUM(J2:J5) -> 38 | K6: =SUM(K2:K5) -> 16 | L6: =SUM(L2:L5) -> 0 | M6: =SUM(M2:M5) -> 8 | N6: =SUM(N2:N5) -> 11 | O6: =SUM(O2:O5) -> 85

Sheet List Options
A1: Script Types | B1: Integration Methods
A2: Map/Reduce | B2: SOAP API
A3: Mass Update | B3: REST API
A4: Workflow Action | B4: iPaaS - Custom
A5: RESTlet | B5: iPaaS - Prebuilt
A6: Scheduled | B6: 3rd Party Connector
A7: Suitelet | B7: SFTP
A8: User Event
A9: Client
